Billing account name,Billing account ID,Project name,Project ID,Project hierarchy,Service description,Service ID,SKU description,SKU ID,Consumption model description,Credit type,Cost type,Usage start date,Usage end date,Usage amount,Usage unit,Unrounded cost (€),Cost (€)
My Billing Account,011111-222222-333333,My First Project,project-demo-123,demo-org,Compute Engine,6F81-5844-456A,Nvidia Tesla T4 GPU attached to Spot Preemptible VMs running in Americas,1A25-07A3-AB6D,Default,,Usage,2026-09-29,2026-09-29,0.034,hour,0.005787,0.01
My Billing Account,011111-222222-333333,My First Project,project-demo-123,demo-org,VM Manager,5E18-9A83-2867,VM Manager Usage (Cloud Ops),210B-55F7-AA37,Default,,Usage,2026-09-29,2026-09-29,1,count,0.002574,0.00
My Billing Account,011111-222222-333333,My First Project,project-demo-123,demo-org,Compute Engine,6F81-5844-456A,Spot Preemptible N1 Predefined Instance Core running in Americas,D498-1ECA-87C1,Default,,Usage,2026-09-29,2026-09-29,0.136,hour,0.002214,0.00
My Billing Account,011111-222222-333333,My First Project,project-demo-123,demo-org,Compute Engine,6F81-5844-456A,Spot Preemptible N1 Predefined Instance Ram running in Americas,5451-0A15-0123,Default,,Usage,2026-09-29,2026-09-29,0.511,gibibyte hour,0.001113,0.00
My Billing Account,011111-222222-333333,My First Project,project-demo-123,demo-org,Networking,E505-1604-58F8,Network Intelligence Center Network Analyzer Resource Hours,9BF8-CD36-F9B8,Default,,Usage,2026-09-29,2026-09-29,1,count,0.000944,0.00
My Billing Account,011111-222222-333333,My First Project,project-demo-123,demo-org,Networking,E505-1604-58F8,Network Intelligence Center Topology and Google Cloud Performance Resource Hours,D9AD-28F8-05D8,Default,,Usage,2026-09-29,2026-09-29,1,count,0.000944,0.00
My Billing Account,011111-222222-333333,My First Project,project-demo-123,demo-org,Networking,E505-1604-58F8,Network Intelligence Center Internet to Google Cloud Performance Resource Hours,BDBA-22FA-3925,Default,,Usage,2026-09-29,2026-09-29,1,count,0.000686,0.00
My Billing Account,011111-222222-333333,My First Project,project-demo-123,demo-org,Compute Engine,6F81-5844-456A,External IP Charge on a Spot Preemptible VM,4AF8-7C1F-39C4,Default,,Usage,2026-09-29,2026-09-29,0.034,hour,0.000072,0.00
My Billing Account,011111-222222-333333,My First Project,project-demo-123,demo-org,Compute Engine,6F81-5844-456A,Balanced PD Capacity,6AE1-525F-8B80,Default,,Usage,2026-09-29,2026-09-29,0,gibibyte month,0.000041,0.00
My Billing Account,011111-222222-333333,My First Project,project-demo-123,demo-org,Compute Engine,6F81-5844-456A,Licensing Fee for Debian 13 Trixie,E871-0E10-9D08,Default,,Usage,2026-09-29,2026-09-29,0.034,hour,0.000000,0.00
My Billing Account,011111-222222-333333,My First Project,project-demo-123,demo-org,Compute Engine,6F81-5844-456A,Network Data Transfer In from Google Services from Americas to Americas,123C-0EFC-B7C8,Default,,Usage,2026-09-29,2026-09-29,0.107,gibibyte,0.000000,0.00
My Billing Account,011111-222222-333333,My First Project,project-demo-123,demo-org,Compute Engine,6F81-5844-456A,Network Data Transfer to Google Services from Americas to Americas,92CB-C25F-B1D1,Default,,Usage,2026-09-29,2026-09-29,0.002,gibibyte,0.000000,0.00
My Billing Account,011111-222222-333333,My First Project,project-demo-123,demo-org,Compute Engine,6F81-5844-456A,Network Internet Data Transfer In from Americas to Americas,E926-D07C-E1A4,Default,,Usage,2026-09-29,2026-09-29,0.001,gibibyte,0.000000,0.00
My Billing Account,011111-222222-333333,My First Project,project-demo-123,demo-org,Compute Engine,6F81-5844-456A,Balanced PD Capacity,6AE1-525F-8B80,,PROMOTION,Usage,2026-09-29,2026-09-29,,,-0.000041,-0.00
My Billing Account,011111-222222-333333,My First Project,project-demo-123,demo-org,Compute Engine,6F81-5844-456A,External IP Charge on a Spot Preemptible VM,4AF8-7C1F-39C4,,PROMOTION,Usage,2026-09-29,2026-09-29,,,-0.000072,-0.00
My Billing Account,011111-222222-333333,My First Project,project-demo-123,demo-org,Networking,E505-1604-58F8,Network Intelligence Center Internet to Google Cloud Performance Resource Hours,BDBA-22FA-3925,,SPENDING_BASED_DISCOUNT,Usage,2026-09-29,2026-09-29,,,-0.000686,-0.00
My Billing Account,011111-222222-333333,My First Project,project-demo-123,demo-org,Networking,E505-1604-58F8,Network Intelligence Center Network Analyzer Resource Hours,9BF8-CD36-F9B8,,SPENDING_BASED_DISCOUNT,Usage,2026-09-29,2026-09-29,,,-0.000944,-0.00
My Billing Account,011111-222222-333333,My First Project,project-demo-123,demo-org,Networking,E505-1604-58F8,Network Intelligence Center Topology and Google Cloud Performance Resource Hours,D9AD-28F8-05D8,,SPENDING_BASED_DISCOUNT,Usage,2026-09-29,2026-09-29,,,-0.000944,-0.00
My Billing Account,011111-222222-333333,My First Project,project-demo-123,demo-org,Compute Engine,6F81-5844-456A,Spot Preemptible N1 Predefined Instance Ram running in Americas,5451-0A15-0123,,PROMOTION,Usage,2026-09-29,2026-09-29,,,-0.001113,-0.00
My Billing Account,011111-222222-333333,My First Project,project-demo-123,demo-org,Compute Engine,6F81-5844-456A,Spot Preemptible N1 Predefined Instance Core running in Americas,D498-1ECA-87C1,,PROMOTION,Usage,2026-09-29,2026-09-29,,,-0.002214,-0.00
My Billing Account,011111-222222-333333,My First Project,project-demo-123,demo-org,VM Manager,5E18-9A83-2867,VM Manager Usage (Cloud Ops),210B-55F7-AA37,,SPENDING_BASED_DISCOUNT,Usage,2026-09-29,2026-09-29,,,-0.002574,-0.00
My Billing Account,011111-222222-333333,My First Project,project-demo-123,demo-org,Compute Engine,6F81-5844-456A,Nvidia Tesla T4 GPU attached to Spot Preemptible VMs running in Americas,1A25-07A3-AB6D,,PROMOTION,Usage,2026-09-29,2026-09-29,,,-0.005787,-0.01
,,,,,,,,,,,Total,,,,,0.000000,0.00
